INSERT INTO KODEVERK (KODE, KODEVERK_EIER, KODEVERK_EIER_REF, KODEVERK_EIER_VER, KODEVERK_EIER_NAVN, KODEVERK_SYNK_NYE, KODEVERK_SYNK_EKSISTERENDE, NAVN, BESKRIVELSE, SAMMENSATT) VALUES ('ARBEIDSKATEGORI', 'VL', null, null, null, 'J', 'J', 'Arbeidskategori', 'Arbeidskategori', 'N');

INSERT INTO KODELISTE (ID, KODEVERK, KODE, OFFISIELL_KODE, BESKRIVELSE) VALUES (nextval('seq_kodeliste'), 'ARBEIDSKATEGORI', 'FISKER', null, null);
INSERT INTO KODELISTE (ID, KODEVERK, KODE, OFFISIELL_KODE, BESKRIVELSE) VALUES (nextval('seq_kodeliste'), 'ARBEIDSKATEGORI', 'ARBEIDSTAKER', null, null);
INSERT INTO KODELISTE (ID, KODEVERK, KODE, OFFISIELL_KODE, BESKRIVELSE) VALUES (nextval('seq_kodeliste'), 'ARBEIDSKATEGORI', 'SELVSTENDIG_NÆRINGSDRIVENDE', null, null);
INSERT INTO KODELISTE (ID, KODEVERK, KODE, OFFISIELL_KODE, BESKRIVELSE) VALUES (nextval('seq_kodeliste'), 'ARBEIDSKATEGORI', 'KOMBINASJON_ARBEIDSTAKER_OG_SELVSTENDIG_NÆRINGSDRIVENDE', null, null);
INSERT INTO KODELISTE (ID, KODEVERK, KODE, OFFISIELL_KODE, BESKRIVELSE) VALUES (nextval('seq_kodeliste'), 'ARBEIDSKATEGORI', 'SJØMANN', null, null);
INSERT INTO KODELISTE (ID, KODEVERK, KODE, OFFISIELL_KODE, BESKRIVELSE) VALUES (nextval('seq_kodeliste'), 'ARBEIDSKATEGORI', 'JORDBRUKER', null, null);
INSERT INTO KODELISTE (ID, KODEVERK, KODE, OFFISIELL_KODE, BESKRIVELSE) VALUES (nextval('seq_kodeliste'), 'ARBEIDSKATEGORI', 'DAGPENGER', null, null);
INSERT INTO KODELISTE (ID, KODEVERK, KODE, OFFISIELL_KODE, BESKRIVELSE) VALUES (nextval('seq_kodeliste'), 'ARBEIDSKATEGORI', 'INAKTIV', null, null);
INSERT INTO KODELISTE (ID, KODEVERK, KODE, OFFISIELL_KODE, BESKRIVELSE) VALUES (nextval('seq_kodeliste'), 'ARBEIDSKATEGORI', 'KOMBINASJON_ARBEIDSTAKER_OG_JORDBRUKER', null, null);
INSERT INTO KODELISTE (ID, KODEVERK, KODE, OFFISIELL_KODE, BESKRIVELSE) VALUES (nextval('seq_kodeliste'), 'ARBEIDSKATEGORI', 'KOMBINASJON_ARBEIDSTAKER_OG_FISKER', null, null);
INSERT INTO KODELISTE (ID, KODEVERK, KODE, OFFISIELL_KODE, BESKRIVELSE) VALUES (nextval('seq_kodeliste'), 'ARBEIDSKATEGORI', 'FRILANSER', null, null);
INSERT INTO KODELISTE (ID, KODEVERK, KODE, OFFISIELL_KODE, BESKRIVELSE) VALUES (nextval('seq_kodeliste'), 'ARBEIDSKATEGORI', 'KOMBINASJON_ARBEIDSTAKER_OG_FRILANSER', null, null);
INSERT INTO KODELISTE (ID, KODEVERK, KODE, OFFISIELL_KODE, BESKRIVELSE) VALUES (nextval('seq_kodeliste'), 'ARBEIDSKATEGORI', 'KOMBINASJON_ARBEIDSTAKER_OG_DAGPENGER', null, null);
INSERT INTO KODELISTE (ID, KODEVERK, KODE, OFFISIELL_KODE, BESKRIVELSE) VALUES (nextval('seq_kodeliste'), 'ARBEIDSKATEGORI', 'DAGMAMMA', null, null);
INSERT INTO KODELISTE (ID, KODEVERK, KODE, OFFISIELL_KODE, BESKRIVELSE) VALUES (nextval('seq_kodeliste'), 'ARBEIDSKATEGORI', 'UGYLDIG', null, null);
INSERT INTO KODELISTE (ID, KODEVERK, KODE, OFFISIELL_KODE, BESKRIVELSE) VALUES (nextval('seq_kodeliste'), 'ARBEIDSKATEGORI', '-', null, null);

INSERT INTO KODELISTE_NAVN_I18N (id, KL_KODEVERK, KL_KODE, NAVN, SPRAK) VALUES (nextval('seq_kodeliste_navn'), 'ARBEIDSKATEGORI', '-', 'Ingen inntektskategori (default)', 'NB');
INSERT INTO KODELISTE_NAVN_I18N (id, KL_KODEVERK, KL_KODE, NAVN, SPRAK) VALUES (nextval('seq_kodeliste_navn'), 'ARBEIDSKATEGORI', 'ARBEIDSTAKER', 'Arbeidstaker', 'NB');
INSERT INTO KODELISTE_NAVN_I18N (id, KL_KODEVERK, KL_KODE, NAVN, SPRAK) VALUES (nextval('seq_kodeliste_navn'), 'ARBEIDSKATEGORI', 'DAGMAMMA', 'Selvstendig næringsdrivende - Dagmamma', 'NB');
INSERT INTO KODELISTE_NAVN_I18N (id, KL_KODEVERK, KL_KODE, NAVN, SPRAK) VALUES (nextval('seq_kodeliste_navn'), 'ARBEIDSKATEGORI', 'DAGPENGER', 'Tilstøtende ytelse - dagpenger', 'NB');
INSERT INTO KODELISTE_NAVN_I18N (id, KL_KODEVERK, KL_KODE, NAVN, SPRAK) VALUES (nextval('seq_kodeliste_navn'), 'ARBEIDSKATEGORI', 'FISKER', 'Selvstendig næringsdrivende - Fisker', 'NB');
INSERT INTO KODELISTE_NAVN_I18N (id, KL_KODEVERK, KL_KODE, NAVN, SPRAK) VALUES (nextval('seq_kodeliste_navn'), 'ARBEIDSKATEGORI', 'FRILANSER', 'Frilanser', 'NB');
INSERT INTO KODELISTE_NAVN_I18N (id, KL_KODEVERK, KL_KODE, NAVN, SPRAK) VALUES (nextval('seq_kodeliste_navn'), 'ARBEIDSKATEGORI', 'INAKTIV', 'Inaktiv', 'NB');
INSERT INTO KODELISTE_NAVN_I18N (id, KL_KODEVERK, KL_KODE, NAVN, SPRAK) VALUES (nextval('seq_kodeliste_navn'), 'ARBEIDSKATEGORI', 'JORDBRUKER', 'Selvstendig næringsdrivende - Jordbruker', 'NB');
INSERT INTO KODELISTE_NAVN_I18N (id, KL_KODEVERK, KL_KODE, NAVN, SPRAK) VALUES (nextval('seq_kodeliste_navn'), 'ARBEIDSKATEGORI', 'KOMBINASJON_ARBEIDSTAKER_OG_DAGPENGER', 'Kombinasjon arbeidstaker og dagpenger', 'NB');
INSERT INTO KODELISTE_NAVN_I18N (id, KL_KODEVERK, KL_KODE, NAVN, SPRAK) VALUES (nextval('seq_kodeliste_navn'), 'ARBEIDSKATEGORI', 'KOMBINASJON_ARBEIDSTAKER_OG_FISKER', 'Kombinasjon arbeidstaker og selvstendig næringsdrivende - fisker', 'NB');
INSERT INTO KODELISTE_NAVN_I18N (id, KL_KODEVERK, KL_KODE, NAVN, SPRAK) VALUES (nextval('seq_kodeliste_navn'), 'ARBEIDSKATEGORI', 'KOMBINASJON_ARBEIDSTAKER_OG_FRILANSER', 'Kombinasjon arbeidstaker og frilanser', 'NB');
INSERT INTO KODELISTE_NAVN_I18N (id, KL_KODEVERK, KL_KODE, NAVN, SPRAK) VALUES (nextval('seq_kodeliste_navn'), 'ARBEIDSKATEGORI', 'KOMBINASJON_ARBEIDSTAKER_OG_JORDBRUKER', 'Kombinasjon arbeidstaker og selvstendig næringsdrivende - jordbruker', 'NB');
INSERT INTO KODELISTE_NAVN_I18N (id, KL_KODEVERK, KL_KODE, NAVN, SPRAK) VALUES (nextval('seq_kodeliste_navn'), 'ARBEIDSKATEGORI', 'KOMBINASJON_ARBEIDSTAKER_OG_SELVSTENDIG_NÆRINGSDRIVENDE', 'Kombinasjon arbeidstaker og selvstendig næringsdrivende', 'NB');
INSERT INTO KODELISTE_NAVN_I18N (id, KL_KODEVERK, KL_KODE, NAVN, SPRAK) VALUES (nextval('seq_kodeliste_navn'), 'ARBEIDSKATEGORI', 'SELVSTENDIG_NÆRINGSDRIVENDE', 'Selvstendig næringsdrivende', 'NB');
INSERT INTO KODELISTE_NAVN_I18N (id, KL_KODEVERK, KL_KODE, NAVN, SPRAK) VALUES (nextval('seq_kodeliste_navn'), 'ARBEIDSKATEGORI', 'SJØMANN', 'Arbeidstaker - sjømann', 'NB');
INSERT INTO KODELISTE_NAVN_I18N (id, KL_KODEVERK, KL_KODE, NAVN, SPRAK) VALUES (nextval('seq_kodeliste_navn'), 'ARBEIDSKATEGORI', 'UGYLDIG', 'Ugyldig', 'NB');

INSERT INTO KODEVERK (KODE, KODEVERK_EIER, KODEVERK_EIER_REF, KODEVERK_EIER_VER, KODEVERK_EIER_NAVN, KODEVERK_SYNK_NYE, KODEVERK_SYNK_EKSISTERENDE, NAVN, BESKRIVELSE, SAMMENSATT) VALUES ('INNTEKT_PERIODE_TYPE', 'VL', null, null, null, 'N', 'N', 'Inntektsperiodetyper', 'Perioder som inntekter kan beregnes på', 'N');

INSERT INTO KODELISTE (ID, KODEVERK, KODE, OFFISIELL_KODE, BESKRIVELSE) VALUES (nextval('seq_kodeliste'), 'INNTEKT_PERIODE_TYPE', 'UKNLG', 'U', 'Inntekt gitt per uke');
INSERT INTO KODELISTE (ID, KODEVERK, KODE, OFFISIELL_KODE, BESKRIVELSE) VALUES (nextval('seq_kodeliste'), 'INNTEKT_PERIODE_TYPE', 'DAGLG', 'D', 'Inntekt gitt per dag');
INSERT INTO KODELISTE (ID, KODEVERK, KODE, OFFISIELL_KODE, BESKRIVELSE) VALUES (nextval('seq_kodeliste'), 'INNTEKT_PERIODE_TYPE', '14DLG', 'F', 'Inntekt gitt per fjorten dager');
INSERT INTO KODELISTE (ID, KODEVERK, KODE, OFFISIELL_KODE, BESKRIVELSE) VALUES (nextval('seq_kodeliste'), 'INNTEKT_PERIODE_TYPE', 'MNDLG', 'M', 'Inntekt gitt per måned');
INSERT INTO KODELISTE (ID, KODEVERK, KODE, OFFISIELL_KODE, BESKRIVELSE) VALUES (nextval('seq_kodeliste'), 'INNTEKT_PERIODE_TYPE', 'AARLG', 'Å', 'Inntekt gitt per år');
INSERT INTO KODELISTE (ID, KODEVERK, KODE, OFFISIELL_KODE, BESKRIVELSE) VALUES (nextval('seq_kodeliste'), 'INNTEKT_PERIODE_TYPE', 'INNFS', 'X', 'Inntekt som er fastsatt etter 25 prosent avvik');
INSERT INTO KODELISTE (ID, KODEVERK, KODE, OFFISIELL_KODE, BESKRIVELSE) VALUES (nextval('seq_kodeliste'), 'INNTEKT_PERIODE_TYPE', 'PREMGR', 'Y', ' Premiegrunnlag oppdragstaker (gjelder de to første ukene) ');
INSERT INTO KODELISTE (ID, KODEVERK, KODE, OFFISIELL_KODE, BESKRIVELSE) VALUES (nextval('seq_kodeliste'), 'INNTEKT_PERIODE_TYPE', '-', null, 'Andre verdier');

INSERT INTO KODELISTE_NAVN_I18N (ID, KL_KODEVERK, KL_KODE, NAVN, SPRAK) VALUES (nextval('seq_kodeliste_navn'), 'INNTEKT_PERIODE_TYPE', '-', 'Ikke definert', 'NB');
INSERT INTO KODELISTE_NAVN_I18N (ID, KL_KODEVERK, KL_KODE, NAVN, SPRAK) VALUES (nextval('seq_kodeliste_navn'), 'INNTEKT_PERIODE_TYPE', '14DLG', 'Fjorten-daglig', 'NB');
INSERT INTO KODELISTE_NAVN_I18N (ID, KL_KODEVERK, KL_KODE, NAVN, SPRAK) VALUES (nextval('seq_kodeliste_navn'), 'INNTEKT_PERIODE_TYPE', 'AARLG', 'Årlig', 'NB');
INSERT INTO KODELISTE_NAVN_I18N (ID, KL_KODEVERK, KL_KODE, NAVN, SPRAK) VALUES (nextval('seq_kodeliste_navn'), 'INNTEKT_PERIODE_TYPE', 'DAGLG', 'Daglig', 'NB');
INSERT INTO KODELISTE_NAVN_I18N (ID, KL_KODEVERK, KL_KODE, NAVN, SPRAK) VALUES (nextval('seq_kodeliste_navn'), 'INNTEKT_PERIODE_TYPE', 'INNFS', 'Fastsatt etter 25 prosent avvik', 'NB');
INSERT INTO KODELISTE_NAVN_I18N (ID, KL_KODEVERK, KL_KODE, NAVN, SPRAK) VALUES (nextval('seq_kodeliste_navn'), 'INNTEKT_PERIODE_TYPE', 'MNDLG', 'Månedlig', 'NB');
INSERT INTO KODELISTE_NAVN_I18N (ID, KL_KODEVERK, KL_KODE, NAVN, SPRAK) VALUES (nextval('seq_kodeliste_navn'), 'INNTEKT_PERIODE_TYPE', 'PREMGR', 'Premiegrunnlag', 'NB');
INSERT INTO KODELISTE_NAVN_I18N (ID, KL_KODEVERK, KL_KODE, NAVN, SPRAK) VALUES (nextval('seq_kodeliste_navn'), 'INNTEKT_PERIODE_TYPE', 'UKNLG', 'Ukentlig', 'NB');

